Filename,Sample ID,A01,Array Barcode
a550995-4452193-010824-381_A01.ARR,,9SR37901,381
a550995-4452193-010824-381_A02.ARR,,9SR37901,381
a550995-4452193-010824-381_A03.ARR,,9SR37901,381
a550995-4452193-010824-381_A04.ARR,,9SR37901,381
a550995-4452193-010824-381_A05.ARR,,9SR37901,381
a550995-4452193-010824-381_A06.ARR,,9SR37901,381
a550995-4452193-010824-381_A07.ARR,,9SR37901,381
a550995-4452193-010824-381_A08.ARR,,9SR37901,381
a550995-4452193-010824-381_A09.ARR,,9SR37901,381
a550995-4452193-010824-381_A10.ARR,,9SR37901,381
a550995-4452193-010824-381_A11.ARR,,9SR37901,381
a550995-4452193-010824-381_A12.ARR,,-,381
a550995-4452193-010824-381_B01.ARR,,9SR37901,381
a550995-4452193-010824-381_B02.ARR,,9SR37901,381
a550995-4452193-010824-381_B03.ARR,,9SR37901,381
a550995-4452193-010824-381_B04.ARR,,9SR37901,381
a550995-4452193-010824-381_B05.ARR,,9SR37901,381
a550995-4452193-010824-381_B06.ARR,,9SR37901,381
a550995-4452193-010824-381_B07.ARR,,9SR37901,381
a550995-4452193-010824-381_B08.ARR,,9SR37901,381
a550995-4452193-010824-381_B09.ARR,,9SR37901,381
a550995-4452193-010824-381_B10.ARR,,9SR37901,381
a550995-4452193-010824-381_B11.ARR,,9SR37901,381
a550995-4452193-010824-381_B12.ARR,,9SR37901,381
a550995-4452193-010824-381_C01.ARR,,9SR37901,381
a550995-4452193-010824-381_C02.ARR,,9SR37901,381
a550995-4452193-010824-381_C03.ARR,,9SR37901,381
a550995-4452193-010824-381_C04.ARR,,9SR37901,381
a550995-4452193-010824-381_C05.ARR,,9SR37901,381
a550995-4452193-010824-381_C06.ARR,,9SR37901,381
a550995-4452193-010824-381_C07.ARR,,9SR37901,381
a550995-4452193-010824-381_C08.ARR,,9SR37901,381
a550995-4452193-010824-381_C09.ARR,,9SR37901,381
a550995-4452193-010824-381_C10.ARR,,9SR37901,381
a550995-4452193-010824-381_C11.ARR,,9SR37901,381
a550995-4452193-010824-381_C12.ARR,,9SR37901,381
a550995-4452193-010824-381_D01.ARR,,9SR37901,381
a550995-4452193-010824-381_D02.ARR,,9SR37901,381
a550995-4452193-010824-381_D03.ARR,,9SR37901,381
a550995-4452193-010824-381_D04.ARR,,9SR37901,381
a550995-4452193-010824-381_D05.ARR,,9SR37901,381
a550995-4452193-010824-381_D06.ARR,,9SR37901,381
a550995-4452193-010824-381_D07.ARR,,9SR37901,381
a550995-4452193-010824-381_D08.ARR,,9SR37901,381
a550995-4452193-010824-381_D09.ARR,,9SR37901,381
a550995-4452193-010824-381_D10.ARR,,9SR37901,381
a550995-4452193-010824-381_D11.ARR,,9SR37901,381
a550995-4452193-010824-381_D12.ARR,,9SR37901,381
a550995-4452193-010824-381_E01.ARR,,9SR37901,381
a550995-4452193-010824-381_E02.ARR,,9SR37901,381
a550995-4452193-010824-381_E03.ARR,,9SR37901,381
a550995-4452193-010824-381_E04.ARR,,9SR37901,381
a550995-4452193-010824-381_E05.ARR,,9SR37901,381
a550995-4452193-010824-381_E06.ARR,,9SR37901,381
a550995-4452193-010824-381_E07.ARR,,9SR37901,381
a550995-4452193-010824-381_E08.ARR,,9SR37901,381
a550995-4452193-010824-381_E09.ARR,,9SR37901,381
a550995-4452193-010824-381_E10.ARR,,9SR37901,381
a550995-4452193-010824-381_E11.ARR,,9SR37901,381
a550995-4452193-010824-381_E12.ARR,,-,381
a550995-4452193-010824-381_F01.ARR,,9SR37901,381
a550995-4452193-010824-381_F02.ARR,,9SR37901,381
a550995-4452193-010824-381_F03.ARR,,9SR37901,381
a550995-4452193-010824-381_F04.ARR,,9SR37901,381
a550995-4452193-010824-381_F05.ARR,,9SR37901,381
a550995-4452193-010824-381_F06.ARR,,9SR37901,381
a550995-4452193-010824-381_F07.ARR,,9SR37901,381
a550995-4452193-010824-381_F08.ARR,,9SR37901,381
a550995-4452193-010824-381_F09.ARR,,9SR37901,381
a550995-4452193-010824-381_F10.ARR,,9SR37901,381
a550995-4452193-010824-381_F11.ARR,,9SR37901,381
a550995-4452193-010824-381_F12.ARR,,9SR37901,381
a550995-4452193-010824-381_G01.ARR,,9SR37901,381
a550995-4452193-010824-381_G02.ARR,,9SR37901,381
a550995-4452193-010824-381_G03.ARR,,9SR37901,381
a550995-4452193-010824-381_G04.ARR,,9SR37901,381
a550995-4452193-010824-381_G05.ARR,,9SR37901,381
a550995-4452193-010824-381_G06.ARR,,9SR37901,381
a550995-4452193-010824-381_G07.ARR,,9SR37901,381
a550995-4452193-010824-381_G08.ARR,,9SR37901,381
a550995-4452193-010824-381_G09.ARR,,9SR37901,381
a550995-4452193-010824-381_G10.ARR,,9SR37901,381
a550995-4452193-010824-381_G11.ARR,,9SR37901,381
a550995-4452193-010824-381_G12.ARR,,9SR37901,381
a550995-4452193-010824-381_H01.ARR,,9SR37901,381
a550995-4452193-010824-381_H02.ARR,,9SR37901,381
a550995-4452193-010824-381_H03.ARR,,9SR37901,381
a550995-4452193-010824-381_H04.ARR,,9SR37901,381
a550995-4452193-010824-381_H05.ARR,,9SR37901,381
a550995-4452193-010824-381_H06.ARR,,9SR37901,381
a550995-4452193-010824-381_H07.ARR,,9SR37901,381
a550995-4452193-010824-381_H08.ARR,,9SR37901,381
a550995-4452193-010824-381_H09.ARR,,9SR37901,381
a550995-4452193-010824-381_H10.ARR,,9SR37901,381
a550995-4452193-010824-381_H11.ARR,,9SR37901,381
a550995-4452193-010824-381_H12.ARR,,9SR37901,381
a550995-4452194-121723-666_A01.ARR,,9SR37890,666
a550995-4452194-121723-666_A02.ARR,,9SR37890,666
a550995-4452194-121723-666_A03.ARR,,9SR37890,666
a550995-4452194-121723-666_A04.ARR,,9SR37890,666
a550995-4452194-121723-666_A05.ARR,,9SR37890,666
a550995-4452194-121723-666_A06.ARR,,9SR37890,666
a550995-4452194-121723-666_A07.ARR,,9SR37890,666
a550995-4452194-121723-666_A08.ARR,,9SR37890,666
a550995-4452194-121723-666_A09.ARR,,9SR37890,666
a550995-4452194-121723-666_A10.ARR,,9SR37890,666
a550995-4452194-121723-666_A11.ARR,,9SR37890,666
a550995-4452194-121723-666_A12.ARR,,-,666
a550995-4452194-121723-666_B01.ARR,,9SR37890,666
a550995-4452194-121723-666_B02.ARR,,9SR37890,666
a550995-4452194-121723-666_B03.ARR,,9SR37890,666
a550995-4452194-121723-666_B04.ARR,,9SR37890,666
a550995-4452194-121723-666_B05.ARR,,9SR37890,666
a550995-4452194-121723-666_B06.ARR,,9SR37890,666
a550995-4452194-121723-666_B07.ARR,,9SR37890,666
a550995-4452194-121723-666_B08.ARR,,9SR37890,666
a550995-4452194-121723-666_B09.ARR,,9SR37890,666
a550995-4452194-121723-666_B10.ARR,,9SR37890,666
a550995-4452194-121723-666_B11.ARR,,9SR37890,666
a550995-4452194-121723-666_B12.ARR,,9SR37890,666
a550995-4452194-121723-666_C01.ARR,,9SR37890,666
a550995-4452194-121723-666_C02.ARR,,9SR37890,666
a550995-4452194-121723-666_C03.ARR,,9SR37890,666
a550995-4452194-121723-666_C04.ARR,,9SR37890,666
a550995-4452194-121723-666_C05.ARR,,9SR37890,666
a550995-4452194-121723-666_C06.ARR,,9SR37890,666
a550995-4452194-121723-666_C07.ARR,,9SR37890,666
a550995-4452194-121723-666_C08.ARR,,9SR37890,666
a550995-4452194-121723-666_C09.ARR,,9SR37890,666
a550995-4452194-121723-666_C10.ARR,,9SR37890,666
a550995-4452194-121723-666_C11.ARR,,9SR37890,666
a550995-4452194-121723-666_C12.ARR,,9SR37890,666
a550995-4452194-121723-666_D01.ARR,,9SR37890,666
a550995-4452194-121723-666_D02.ARR,,9SR37890,666
a550995-4452194-121723-666_D03.ARR,,9SR37890,666
a550995-4452194-121723-666_D04.ARR,,9SR37890,666
a550995-4452194-121723-666_D05.ARR,,9SR37890,666
a550995-4452194-121723-666_D06.ARR,,9SR37890,666
a550995-4452194-121723-666_D07.ARR,,9SR37890,666
a550995-4452194-121723-666_D08.ARR,,9SR37890,666
a550995-4452194-121723-666_D09.ARR,,9SR37890,666
a550995-4452194-121723-666_D10.ARR,,9SR37890,666
a550995-4452194-121723-666_D11.ARR,,9SR37890,666
a550995-4452194-121723-666_D12.ARR,,9SR37890,666
a550995-4452194-121723-666_E01.ARR,,9SR37890,666
a550995-4452194-121723-666_E02.ARR,,9SR37890,666
a550995-4452194-121723-666_E03.ARR,,9SR37890,666
a550995-4452194-121723-666_E04.ARR,,9SR37890,666
a550995-4452194-121723-666_E05.ARR,,9SR37890,666
a550995-4452194-121723-666_E06.ARR,,9SR37890,666
a550995-4452194-121723-666_E07.ARR,,9SR37890,666
a550995-4452194-121723-666_E08.ARR,,9SR37890,666
a550995-4452194-121723-666_E09.ARR,,9SR37890,666
a550995-4452194-121723-666_E10.ARR,,9SR37890,666
a550995-4452194-121723-666_E11.ARR,,9SR37890,666
a550995-4452194-121723-666_E12.ARR,,-,666
a550995-4452194-121723-666_F01.ARR,,9SR37890,666
a550995-4452194-121723-666_F02.ARR,,9SR37890,666
a550995-4452194-121723-666_F03.ARR,,9SR37890,666
a550995-4452194-121723-666_F04.ARR,,9SR37890,666
a550995-4452194-121723-666_F05.ARR,,9SR37890,666
a550995-4452194-121723-666_F06.ARR,,9SR37890,666
a550995-4452194-121723-666_F07.ARR,,9SR37890,666
a550995-4452194-121723-666_F08.ARR,,9SR37890,666
a550995-4452194-121723-666_F09.ARR,,9SR37890,666
a550995-4452194-121723-666_F10.ARR,,9SR37890,666
a550995-4452194-121723-666_F11.ARR,,9SR37890,666
a550995-4452194-121723-666_F12.ARR,,9SR37890,666
a550995-4452194-121723-666_G01.ARR,,9SR37890,666
a550995-4452194-121723-666_G02.ARR,,9SR37890,666
a550995-4452194-121723-666_G03.ARR,,9SR37890,666
a550995-4452194-121723-666_G04.ARR,,9SR37890,666
a550995-4452194-121723-666_G05.ARR,,9SR37890,666
a550995-4452194-121723-666_G06.ARR,,9SR37890,666
a550995-4452194-121723-666_G07.ARR,,9SR37890,666
a550995-4452194-121723-666_G08.ARR,,9SR37890,666
a550995-4452194-121723-666_G09.ARR,,9SR37890,666
a550995-4452194-121723-666_G10.ARR,,9SR37890,666
a550995-4452194-121723-666_G11.ARR,,9SR37890,666
a550995-4452194-121723-666_G12.ARR,,9SR37890,666
a550995-4452194-121723-666_H01.ARR,,9SR37890,666
a550995-4452194-121723-666_H02.ARR,,9SR37890,666
a550995-4452194-121723-666_H03.ARR,,9SR37890,666
a550995-4452194-121723-666_H04.ARR,,9SR37890,666
a550995-4452194-121723-666_H05.ARR,,9SR37890,666
a550995-4452194-121723-666_H06.ARR,,9SR37890,666
a550995-4452194-121723-666_H07.ARR,,9SR37890,666
a550995-4452194-121723-666_H08.ARR,,9SR37890,666
a550995-4452194-121723-666_H09.ARR,,9SR37890,666
a550995-4452194-121723-666_H10.ARR,,9SR37890,666
a550995-4452194-121723-666_H11.ARR,,9SR37890,666
a550995-4452194-121723-666_H12.ARR,,9SR37890,666
a550995-4464489-072424-015_A01.ARR,,9SR37902,015
a550995-4464489-072424-015_A02.ARR,,9SR37902,015
a550995-4464489-072424-015_A03.ARR,,9SR37902,015
a550995-4464489-072424-015_A04.ARR,,9SR37902,015
a550995-4464489-072424-015_A05.ARR,,9SR37902,015
a550995-4464489-072424-015_A06.ARR,,9SR37902,015
a550995-4464489-072424-015_A07.ARR,,9SR37902,015
a550995-4464489-072424-015_A08.ARR,,9SR37902,015
a550995-4464489-072424-015_A09.ARR,,9SR37902,015
a550995-4464489-072424-015_A10.ARR,,9SR37902,015
a550995-4464489-072424-015_A11.ARR,,9SR37902,015
a550995-4464489-072424-015_A12.ARR,,-,015
a550995-4464489-072424-015_B01.ARR,,9SR37902,015
a550995-4464489-072424-015_B02.ARR,,9SR37902,015
a550995-4464489-072424-015_B03.ARR,,9SR37902,015
a550995-4464489-072424-015_B04.ARR,,9SR37902,015
a550995-4464489-072424-015_B05.ARR,,9SR37902,015
a550995-4464489-072424-015_B06.ARR,,9SR37902,015
a550995-4464489-072424-015_B07.ARR,,9SR37902,015
a550995-4464489-072424-015_B08.ARR,,9SR37902,015
a550995-4464489-072424-015_B09.ARR,,9SR37902,015
a550995-4464489-072424-015_B10.ARR,,9SR37902,015
a550995-4464489-072424-015_B11.ARR,,9SR37902,015
a550995-4464489-072424-015_B12.ARR,,9SR37902,015
a550995-4464489-072424-015_C01.ARR,,9SR37902,015
a550995-4464489-072424-015_C02.ARR,,9SR37902,015
a550995-4464489-072424-015_C03.ARR,,9SR37902,015
a550995-4464489-072424-015_C04.ARR,,9SR37902,015
a550995-4464489-072424-015_C05.ARR,,9SR37902,015
a550995-4464489-072424-015_C06.ARR,,9SR37902,015
a550995-4464489-072424-015_C07.ARR,,9SR37902,015
a550995-4464489-072424-015_C08.ARR,,9SR37902,015
a550995-4464489-072424-015_C09.ARR,,9SR37902,015
a550995-4464489-072424-015_C10.ARR,,9SR37902,015
a550995-4464489-072424-015_C11.ARR,,9SR37902,015
a550995-4464489-072424-015_C12.ARR,,9SR37902,015
a550995-4464489-072424-015_D01.ARR,,9SR37902,015
a550995-4464489-072424-015_D02.ARR,,9SR37902,015
a550995-4464489-072424-015_D03.ARR,,9SR37902,015
a550995-4464489-072424-015_D04.ARR,,9SR37902,015
a550995-4464489-072424-015_D05.ARR,,9SR37902,015
a550995-4464489-072424-015_D06.ARR,,9SR37902,015
a550995-4464489-072424-015_D07.ARR,,9SR37902,015
a550995-4464489-072424-015_D08.ARR,,9SR37902,015
a550995-4464489-072424-015_D09.ARR,,9SR37902,015
a550995-4464489-072424-015_D10.ARR,,9SR37902,015
a550995-4464489-072424-015_D11.ARR,,9SR37902,015
a550995-4464489-072424-015_D12.ARR,,9SR37902,015
a550995-4464489-072424-015_E01.ARR,,9SR37902,015
a550995-4464489-072424-015_E02.ARR,,9SR37902,015
a550995-4464489-072424-015_E03.ARR,,9SR37902,015
a550995-4464489-072424-015_E04.ARR,,9SR37902,015
a550995-4464489-072424-015_E05.ARR,,9SR37902,015
a550995-4464489-072424-015_E06.ARR,,9SR37902,015
a550995-4464489-072424-015_E07.ARR,,9SR37902,015
a550995-4464489-072424-015_E08.ARR,,9SR37902,015
a550995-4464489-072424-015_E09.ARR,,9SR37902,015
a550995-4464489-072424-015_E10.ARR,,9SR37902,015
a550995-4464489-072424-015_E11.ARR,,9SR37902,015
a550995-4464489-072424-015_E12.ARR,,-,015
a550995-4464489-072424-015_F01.ARR,,9SR37902,015
a550995-4464489-072424-015_F02.ARR,,9SR37902,015
a550995-4464489-072424-015_F03.ARR,,9SR37902,015
a550995-4464489-072424-015_F04.ARR,,9SR37902,015
a550995-4464489-072424-015_F05.ARR,,9SR37902,015
a550995-4464489-072424-015_F06.ARR,,9SR37902,015
a550995-4464489-072424-015_F07.ARR,,9SR37902,015
a550995-4464489-072424-015_F08.ARR,,9SR37902,015
a550995-4464489-072424-015_F09.ARR,,9SR37902,015
a550995-4464489-072424-015_F10.ARR,,9SR37902,015
a550995-4464489-072424-015_F11.ARR,,9SR37902,015
a550995-4464489-072424-015_F12.ARR,,9SR37902,015
a550995-4464489-072424-015_G01.ARR,,9SR37902,015
a550995-4464489-072424-015_G02.ARR,,9SR37902,015
a550995-4464489-072424-015_G03.ARR,,9SR37902,015
a550995-4464489-072424-015_G04.ARR,,9SR37902,015
a550995-4464489-072424-015_G05.ARR,,9SR37902,015
a550995-4464489-072424-015_G06.ARR,,9SR37902,015
a550995-4464489-072424-015_G07.ARR,,9SR37902,015
a550995-4464489-072424-015_G08.ARR,,9SR37902,015
a550995-4464489-072424-015_G09.ARR,,9SR37902,015
a550995-4464489-072424-015_G10.ARR,,9SR37902,015
a550995-4464489-072424-015_G11.ARR,,9SR37902,015
a550995-4464489-072424-015_G12.ARR,,9SR37902,015
a550995-4464489-072424-015_H01.ARR,,9SR37902,015
a550995-4464489-072424-015_H02.ARR,,9SR37902,015
a550995-4464489-072424-015_H03.ARR,,9SR37902,015
a550995-4464489-072424-015_H04.ARR,,9SR37902,015
a550995-4464489-072424-015_H05.ARR,,9SR37902,015
a550995-4464489-072424-015_H06.ARR,,9SR37902,015
a550995-4464489-072424-015_H07.ARR,,9SR37902,015
a550995-4464489-072424-015_H08.ARR,,9SR37902,015
a550995-4464489-072424-015_H09.ARR,,9SR37902,015
a550995-4464489-072424-015_H10.ARR,,9SR37902,015
a550995-4464489-072424-015_H11.ARR,,9SR37902,015
a550995-4464489-072424-015_H12.ARR,,9SR37902,015
a550995-4464489-072424-016_A01.ARR,,9SR37894,016
a550995-4464489-072424-016_A02.ARR,,9SR37894,016
a550995-4464489-072424-016_A03.ARR,,9SR37894,016
a550995-4464489-072424-016_A04.ARR,,9SR37894,016
a550995-4464489-072424-016_A05.ARR,,9SR37894,016
a550995-4464489-072424-016_A06.ARR,,9SR37894,016
a550995-4464489-072424-016_A07.ARR,,9SR37894,016
a550995-4464489-072424-016_A08.ARR,,9SR37894,016
a550995-4464489-072424-016_A09.ARR,,9SR37894,016
a550995-4464489-072424-016_A10.ARR,,9SR37894,016
a550995-4464489-072424-016_A11.ARR,,9SR37894,016
a550995-4464489-072424-016_A12.ARR,,-,016
a550995-4464489-072424-016_B01.ARR,,9SR37894,016
a550995-4464489-072424-016_B02.ARR,,9SR37894,016
a550995-4464489-072424-016_B03.ARR,,9SR37894,016
a550995-4464489-072424-016_B04.ARR,,9SR37894,016
a550995-4464489-072424-016_B05.ARR,,9SR37894,016
a550995-4464489-072424-016_B06.ARR,,9SR37894,016
a550995-4464489-072424-016_B07.ARR,,9SR37894,016
a550995-4464489-072424-016_B08.ARR,,9SR37894,016
a550995-4464489-072424-016_B09.ARR,,9SR37894,016
a550995-4464489-072424-016_B10.ARR,,9SR37894,016
a550995-4464489-072424-016_B11.ARR,,9SR37894,016
a550995-4464489-072424-016_B12.ARR,,9SR37894,016
a550995-4464489-072424-016_C01.ARR,,9SR37894,016
a550995-4464489-072424-016_C02.ARR,,9SR37894,016
a550995-4464489-072424-016_C03.ARR,,9SR37894,016
a550995-4464489-072424-016_C04.ARR,,9SR37894,016
a550995-4464489-072424-016_C05.ARR,,9SR37894,016
a550995-4464489-072424-016_C06.ARR,,9SR37894,016
a550995-4464489-072424-016_C07.ARR,,9SR37894,016
a550995-4464489-072424-016_C08.ARR,,9SR37894,016
a550995-4464489-072424-016_C09.ARR,,9SR37894,016
a550995-4464489-072424-016_C10.ARR,,9SR37894,016
a550995-4464489-072424-016_C11.ARR,,9SR37894,016
a550995-4464489-072424-016_C12.ARR,,9SR37894,016
a550995-4464489-072424-016_D01.ARR,,9SR37894,016
a550995-4464489-072424-016_D02.ARR,,9SR37894,016
a550995-4464489-072424-016_D03.ARR,,9SR37894,016
a550995-4464489-072424-016_D04.ARR,,9SR37894,016
a550995-4464489-072424-016_D05.ARR,,9SR37894,016
a550995-4464489-072424-016_D06.ARR,,9SR37894,016
a550995-4464489-072424-016_D07.ARR,,9SR37894,016
a550995-4464489-072424-016_D08.ARR,,9SR37894,016
a550995-4464489-072424-016_D09.ARR,,9SR37894,016
a550995-4464489-072424-016_D10.ARR,,9SR37894,016
a550995-4464489-072424-016_D11.ARR,,9SR37894,016
a550995-4464489-072424-016_D12.ARR,,9SR37894,016
a550995-4464489-072424-016_E01.ARR,,9SR37894,016
a550995-4464489-072424-016_E02.ARR,,9SR37894,016
a550995-4464489-072424-016_E03.ARR,,9SR37894,016
a550995-4464489-072424-016_E04.ARR,,9SR37894,016
a550995-4464489-072424-016_E05.ARR,,9SR37894,016
a550995-4464489-072424-016_E06.ARR,,9SR37894,016
a550995-4464489-072424-016_E07.ARR,,9SR37894,016
a550995-4464489-072424-016_E08.ARR,,9SR37894,016
a550995-4464489-072424-016_E09.ARR,,9SR37894,016
a550995-4464489-072424-016_E10.ARR,,9SR37894,016
a550995-4464489-072424-016_E11.ARR,,9SR37894,016
a550995-4464489-072424-016_E12.ARR,,-,016
a550995-4464489-072424-016_F01.ARR,,9SR37894,016
a550995-4464489-072424-016_F02.ARR,,9SR37894,016
a550995-4464489-072424-016_F03.ARR,,9SR37894,016
a550995-4464489-072424-016_F04.ARR,,9SR37894,016
a550995-4464489-072424-016_F05.ARR,,9SR37894,016
a550995-4464489-072424-016_F06.ARR,,9SR37894,016
a550995-4464489-072424-016_F07.ARR,,9SR37894,016
a550995-4464489-072424-016_F08.ARR,,9SR37894,016
a550995-4464489-072424-016_F09.ARR,,9SR37894,016
a550995-4464489-072424-016_F10.ARR,,9SR37894,016
a550995-4464489-072424-016_F11.ARR,,9SR37894,016
a550995-4464489-072424-016_F12.ARR,,9SR37894,016
a550995-4464489-072424-016_G01.ARR,,9SR37894,016
a550995-4464489-072424-016_G02.ARR,,9SR37894,016
a550995-4464489-072424-016_G03.ARR,,9SR37894,016
a550995-4464489-072424-016_G04.ARR,,9SR37894,016
a550995-4464489-072424-016_G05.ARR,,9SR37894,016
a550995-4464489-072424-016_G06.ARR,,9SR37894,016
a550995-4464489-072424-016_G07.ARR,,9SR37894,016
a550995-4464489-072424-016_G08.ARR,,9SR37894,016
a550995-4464489-072424-016_G09.ARR,,9SR37894,016
a550995-4464489-072424-016_G10.ARR,,9SR37894,016
a550995-4464489-072424-016_G11.ARR,,9SR37894,016
a550995-4464489-072424-016_G12.ARR,,9SR37894,016
a550995-4464489-072424-016_H01.ARR,,9SR37894,016
a550995-4464489-072424-016_H02.ARR,,9SR37894,016
a550995-4464489-072424-016_H03.ARR,,9SR37894,016
a550995-4464489-072424-016_H04.ARR,,9SR37894,016
a550995-4464489-072424-016_H05.ARR,,9SR37894,016
a550995-4464489-072424-016_H06.ARR,,9SR37894,016
a550995-4464489-072424-016_H07.ARR,,9SR37894,016
a550995-4464489-072424-016_H08.ARR,,9SR37894,016
a550995-4464489-072424-016_H09.ARR,,9SR37894,016
a550995-4464489-072424-016_H10.ARR,,9SR37894,016
a550995-4464489-072424-016_H11.ARR,,9SR37894,016
a550995-4464489-072424-016_H12.ARR,,9SR37894,016
a550995-4464489-072424-019_A01.ARR,,9SR37899,019
a550995-4464489-072424-019_A02.ARR,,9SR37899,019
a550995-4464489-072424-019_A03.ARR,,9SR37899,019
a550995-4464489-072424-019_A04.ARR,,9SR37899,019
a550995-4464489-072424-019_A05.ARR,,9SR37899,019
a550995-4464489-072424-019_A06.ARR,,9SR37899,019
a550995-4464489-072424-019_A07.ARR,,9SR37899,019
a550995-4464489-072424-019_A08.ARR,,9SR37899,019
a550995-4464489-072424-019_A09.ARR,,9SR37899,019
a550995-4464489-072424-019_A10.ARR,,9SR37899,019
a550995-4464489-072424-019_A11.ARR,,9SR37899,019
a550995-4464489-072424-019_A12.ARR,,-,019
a550995-4464489-072424-019_B01.ARR,,9SR37899,019
a550995-4464489-072424-019_B02.ARR,,9SR37899,019
a550995-4464489-072424-019_B03.ARR,,9SR37899,019
a550995-4464489-072424-019_B04.ARR,,9SR37899,019
a550995-4464489-072424-019_B05.ARR,,9SR37899,019
a550995-4464489-072424-019_B06.ARR,,9SR37899,019
a550995-4464489-072424-019_B07.ARR,,9SR37899,019
a550995-4464489-072424-019_B08.ARR,,9SR37899,019
a550995-4464489-072424-019_B09.ARR,,9SR37899,019
a550995-4464489-072424-019_B10.ARR,,9SR37899,019
a550995-4464489-072424-019_B11.ARR,,9SR37899,019
a550995-4464489-072424-019_B12.ARR,,9SR37899,019
a550995-4464489-072424-019_C01.ARR,,9SR37899,019
a550995-4464489-072424-019_C02.ARR,,9SR37899,019
a550995-4464489-072424-019_C03.ARR,,9SR37899,019
a550995-4464489-072424-019_C04.ARR,,9SR37899,019
a550995-4464489-072424-019_C05.ARR,,9SR37899,019
a550995-4464489-072424-019_C06.ARR,,9SR37899,019
a550995-4464489-072424-019_C07.ARR,,9SR37899,019
a550995-4464489-072424-019_C08.ARR,,9SR37899,019
a550995-4464489-072424-019_C09.ARR,,9SR37899,019
a550995-4464489-072424-019_C10.ARR,,9SR37899,019
a550995-4464489-072424-019_C11.ARR,,9SR37899,019
a550995-4464489-072424-019_C12.ARR,,9SR37899,019
a550995-4464489-072424-019_D01.ARR,,9SR37899,019
a550995-4464489-072424-019_D02.ARR,,9SR37899,019
a550995-4464489-072424-019_D03.ARR,,9SR37899,019
a550995-4464489-072424-019_D04.ARR,,9SR37899,019
a550995-4464489-072424-019_D05.ARR,,9SR37899,019
a550995-4464489-072424-019_D06.ARR,,9SR37899,019
a550995-4464489-072424-019_D07.ARR,,9SR37899,019
a550995-4464489-072424-019_D08.ARR,,9SR37899,019
a550995-4464489-072424-019_D09.ARR,,9SR37899,019
a550995-4464489-072424-019_D10.ARR,,9SR37899,019
a550995-4464489-072424-019_D11.ARR,,9SR37899,019
a550995-4464489-072424-019_D12.ARR,,9SR37899,019
a550995-4464489-072424-019_E01.ARR,,9SR37899,019
a550995-4464489-072424-019_E02.ARR,,9SR37899,019
a550995-4464489-072424-019_E03.ARR,,9SR37899,019
a550995-4464489-072424-019_E04.ARR,,9SR37899,019
a550995-4464489-072424-019_E05.ARR,,9SR37899,019
a550995-4464489-072424-019_E06.ARR,,9SR37899,019
a550995-4464489-072424-019_E07.ARR,,9SR37899,019
a550995-4464489-072424-019_E08.ARR,,9SR37899,019
a550995-4464489-072424-019_E09.ARR,,9SR37899,019
a550995-4464489-072424-019_E10.ARR,,9SR37899,019
a550995-4464489-072424-019_E11.ARR,,9SR37899,019
a550995-4464489-072424-019_E12.ARR,,-,019
a550995-4464489-072424-019_F01.ARR,,9SR37899,019
a550995-4464489-072424-019_F03.ARR,,9SR37899,019
a550995-4464489-072424-019_F04.ARR,,9SR37899,019
a550995-4464489-072424-019_F05.ARR,,9SR37899,019
a550995-4464489-072424-019_F06.ARR,,9SR37899,019
a550995-4464489-072424-019_F07.ARR,,9SR37899,019
a550995-4464489-072424-019_F08.ARR,,9SR37899,019
a550995-4464489-072424-019_F09.ARR,,9SR37899,019
a550995-4464489-072424-019_F10.ARR,,9SR37899,019
a550995-4464489-072424-019_F11.ARR,,9SR37899,019
a550995-4464489-072424-019_F12.ARR,,9SR37899,019
a550995-4464489-072424-019_G01.ARR,,9SR37899,019
a550995-4464489-072424-019_G02.ARR,,9SR37899,019
a550995-4464489-072424-019_G03.ARR,,9SR37899,019
a550995-4464489-072424-019_G04.ARR,,9SR37899,019
a550995-4464489-072424-019_G05.ARR,,9SR37899,019
a550995-4464489-072424-019_G06.ARR,,9SR37899,019
a550995-4464489-072424-019_G07.ARR,,9SR37899,019
a550995-4464489-072424-019_G08.ARR,,9SR37899,019
a550995-4464489-072424-019_G09.ARR,,9SR37899,019
a550995-4464489-072424-019_G10.ARR,,9SR37899,019
a550995-4464489-072424-019_G11.ARR,,9SR37899,019
a550995-4464489-072424-019_G12.ARR,,9SR37899,019
a550995-4464489-072424-019_H01.ARR,,9SR37899,019
a550995-4464489-072424-019_H02.ARR,,9SR37899,019
a550995-4464489-072424-019_H03.ARR,,9SR37899,019
a550995-4464489-072424-019_H04.ARR,,9SR37899,019
a550995-4464489-072424-019_H05.ARR,,9SR37899,019
a550995-4464489-072424-019_H06.ARR,,9SR37899,019
a550995-4464489-072424-019_H07.ARR,,9SR37899,019
a550995-4464489-072424-019_H08.ARR,,9SR37899,019
a550995-4464489-072424-019_H09.ARR,,9SR37899,019
a550995-4464489-072424-019_H10.ARR,,9SR37899,019
a550995-4464489-072424-019_H12.ARR,,9SR37899,019
a550995-4464489-072424-020_A01.ARR,,9SR37891,020
a550995-4464489-072424-020_A02.ARR,,9SR37891,020
a550995-4464489-072424-020_A03.ARR,,9SR37891,020
a550995-4464489-072424-020_A04.ARR,,9SR37891,020
a550995-4464489-072424-020_A05.ARR,,9SR37891,020
a550995-4464489-072424-020_A06.ARR,,9SR37891,020
a550995-4464489-072424-020_A07.ARR,,9SR37891,020
a550995-4464489-072424-020_A08.ARR,,9SR37891,020
a550995-4464489-072424-020_A09.ARR,,9SR37891,020
a550995-4464489-072424-020_A10.ARR,,9SR37891,020
a550995-4464489-072424-020_A11.ARR,,9SR37891,020
a550995-4464489-072424-020_A12.ARR,,-,020
a550995-4464489-072424-020_B01.ARR,,9SR37891,020
a550995-4464489-072424-020_B02.ARR,,9SR37891,020
a550995-4464489-072424-020_B03.ARR,,9SR37891,020
a550995-4464489-072424-020_B04.ARR,,9SR37891,020
a550995-4464489-072424-020_B05.ARR,,9SR37891,020
a550995-4464489-072424-020_B06.ARR,,9SR37891,020
a550995-4464489-072424-020_B07.ARR,,9SR37891,020
a550995-4464489-072424-020_B08.ARR,,9SR37891,020
a550995-4464489-072424-020_B09.ARR,,9SR37891,020
a550995-4464489-072424-020_B10.ARR,,9SR37891,020
a550995-4464489-072424-020_B11.ARR,,9SR37891,020
a550995-4464489-072424-020_B12.ARR,,9SR37891,020
a550995-4464489-072424-020_C01.ARR,,9SR37891,020
a550995-4464489-072424-020_C02.ARR,,9SR37891,020
a550995-4464489-072424-020_C03.ARR,,9SR37891,020
a550995-4464489-072424-020_C04.ARR,,9SR37891,020
a550995-4464489-072424-020_C05.ARR,,9SR37891,020
a550995-4464489-072424-020_C06.ARR,,9SR37891,020
a550995-4464489-072424-020_C07.ARR,,9SR37891,020
a550995-4464489-072424-020_C08.ARR,,9SR37891,020
a550995-4464489-072424-020_C09.ARR,,9SR37891,020
a550995-4464489-072424-020_C10.ARR,,9SR37891,020
a550995-4464489-072424-020_C11.ARR,,9SR37891,020
a550995-4464489-072424-020_C12.ARR,,9SR37891,020
a550995-4464489-072424-020_D01.ARR,,9SR37891,020
a550995-4464489-072424-020_D02.ARR,,9SR37891,020
a550995-4464489-072424-020_D03.ARR,,9SR37891,020
a550995-4464489-072424-020_D04.ARR,,9SR37891,020
a550995-4464489-072424-020_D05.ARR,,9SR37891,020
a550995-4464489-072424-020_D06.ARR,,9SR37891,020
a550995-4464489-072424-020_D07.ARR,,9SR37891,020
a550995-4464489-072424-020_D08.ARR,,9SR37891,020
a550995-4464489-072424-020_D09.ARR,,9SR37891,020
a550995-4464489-072424-020_D10.ARR,,9SR37891,020
a550995-4464489-072424-020_D11.ARR,,9SR37891,020
a550995-4464489-072424-020_D12.ARR,,9SR37891,020
a550995-4464489-072424-020_E01.ARR,,9SR37891,020
a550995-4464489-072424-020_E02.ARR,,9SR37891,020
a550995-4464489-072424-020_E03.ARR,,9SR37891,020
a550995-4464489-072424-020_E04.ARR,,9SR37891,020
a550995-4464489-072424-020_E05.ARR,,9SR37891,020
a550995-4464489-072424-020_E06.ARR,,9SR37891,020
a550995-4464489-072424-020_E07.ARR,,9SR37891,020
a550995-4464489-072424-020_E08.ARR,,9SR37891,020
a550995-4464489-072424-020_E09.ARR,,9SR37891,020
a550995-4464489-072424-020_E10.ARR,,9SR37891,020
a550995-4464489-072424-020_E11.ARR,,9SR37891,020
a550995-4464489-072424-020_E12.ARR,,-,020
a550995-4464489-072424-020_F01.ARR,,9SR37891,020
a550995-4464489-072424-020_F02.ARR,,9SR37891,020
a550995-4464489-072424-020_F03.ARR,,9SR37891,020
a550995-4464489-072424-020_F04.ARR,,9SR37891,020
a550995-4464489-072424-020_F05.ARR,,9SR37891,020
a550995-4464489-072424-020_F06.ARR,,9SR37891,020
a550995-4464489-072424-020_F07.ARR,,9SR37891,020
a550995-4464489-072424-020_F08.ARR,,9SR37891,020
a550995-4464489-072424-020_F09.ARR,,9SR37891,020
a550995-4464489-072424-020_F10.ARR,,9SR37891,020
a550995-4464489-072424-020_F11.ARR,,9SR37891,020
a550995-4464489-072424-020_F12.ARR,,9SR37891,020
a550995-4464489-072424-020_G01.ARR,,9SR37891,020
a550995-4464489-072424-020_G02.ARR,,9SR37891,020
a550995-4464489-072424-020_G03.ARR,,9SR37891,020
a550995-4464489-072424-020_G04.ARR,,9SR37891,020
a550995-4464489-072424-020_G05.ARR,,9SR37891,020
a550995-4464489-072424-020_G06.ARR,,9SR37891,020
a550995-4464489-072424-020_G07.ARR,,9SR37891,020
a550995-4464489-072424-020_G08.ARR,,9SR37891,020
a550995-4464489-072424-020_G09.ARR,,9SR37891,020
a550995-4464489-072424-020_G10.ARR,,9SR37891,020
a550995-4464489-072424-020_G11.ARR,,9SR37891,020
a550995-4464489-072424-020_G12.ARR,,9SR37891,020
a550995-4464489-072424-020_H01.ARR,,9SR37891,020
a550995-4464489-072424-020_H02.ARR,,9SR37891,020
a550995-4464489-072424-020_H03.ARR,,9SR37891,020
a550995-4464489-072424-020_H04.ARR,,9SR37891,020
a550995-4464489-072424-020_H05.ARR,,9SR37891,020
a550995-4464489-072424-020_H06.ARR,,9SR37891,020
a550995-4464489-072424-020_H07.ARR,,9SR37891,020
a550995-4464489-072424-020_H08.ARR,,9SR37891,020
a550995-4464489-072424-020_H09.ARR,,9SR37891,020
a550995-4464489-072424-020_H10.ARR,,9SR37891,020
a550995-4464489-072424-020_H11.ARR,,9SR37891,020
a550995-4464489-072424-020_H12.ARR,,9SR37891,020
a550995-4464489-072424-021_A01.ARR,,9SR37898,021
a550995-4464489-072424-021_A02.ARR,,9SR37898,021
a550995-4464489-072424-021_A03.ARR,,9SR37898,021
a550995-4464489-072424-021_A04.ARR,,9SR37898,021
a550995-4464489-072424-021_A05.ARR,,9SR37898,021
a550995-4464489-072424-021_A06.ARR,,9SR37898,021
a550995-4464489-072424-021_A07.ARR,,9SR37898,021
a550995-4464489-072424-021_A08.ARR,,9SR37898,021
a550995-4464489-072424-021_A09.ARR,,9SR37898,021
a550995-4464489-072424-021_A10.ARR,,9SR37898,021
a550995-4464489-072424-021_A11.ARR,,9SR37898,021
a550995-4464489-072424-021_A12.ARR,,-,021
a550995-4464489-072424-021_B01.ARR,,9SR37898,021
a550995-4464489-072424-021_B02.ARR,,9SR37898,021
a550995-4464489-072424-021_B03.ARR,,9SR37898,021
a550995-4464489-072424-021_B04.ARR,,9SR37898,021
a550995-4464489-072424-021_B05.ARR,,9SR37898,021
a550995-4464489-072424-021_B06.ARR,,9SR37898,021
a550995-4464489-072424-021_B07.ARR,,9SR37898,021
a550995-4464489-072424-021_B08.ARR,,9SR37898,021
a550995-4464489-072424-021_B09.ARR,,9SR37898,021
a550995-4464489-072424-021_B10.ARR,,9SR37898,021
a550995-4464489-072424-021_B11.ARR,,9SR37898,021
a550995-4464489-072424-021_B12.ARR,,9SR37898,021
a550995-4464489-072424-021_C01.ARR,,9SR37898,021
a550995-4464489-072424-021_C02.ARR,,9SR37898,021
a550995-4464489-072424-021_C03.ARR,,9SR37898,021
a550995-4464489-072424-021_C04.ARR,,9SR37898,021
a550995-4464489-072424-021_C05.ARR,,9SR37898,021
a550995-4464489-072424-021_C06.ARR,,9SR37898,021
a550995-4464489-072424-021_C07.ARR,,9SR37898,021
a550995-4464489-072424-021_C08.ARR,,9SR37898,021
a550995-4464489-072424-021_C09.ARR,,9SR37898,021
a550995-4464489-072424-021_C10.ARR,,9SR37898,021
a550995-4464489-072424-021_C11.ARR,,9SR37898,021
a550995-4464489-072424-021_C12.ARR,,9SR37898,021
a550995-4464489-072424-021_D01.ARR,,9SR37898,021
a550995-4464489-072424-021_D02.ARR,,9SR37898,021
a550995-4464489-072424-021_D03.ARR,,9SR37898,021
a550995-4464489-072424-021_D04.ARR,,9SR37898,021
a550995-4464489-072424-021_D05.ARR,,9SR37898,021
a550995-4464489-072424-021_D06.ARR,,9SR37898,021
a550995-4464489-072424-021_D07.ARR,,9SR37898,021
a550995-4464489-072424-021_D08.ARR,,9SR37898,021
a550995-4464489-072424-021_D09.ARR,,9SR37898,021
a550995-4464489-072424-021_D10.ARR,,9SR37898,021
a550995-4464489-072424-021_D11.ARR,,9SR37898,021
a550995-4464489-072424-021_D12.ARR,,9SR37898,021
a550995-4464489-072424-021_E01.ARR,,9SR37898,021
a550995-4464489-072424-021_E02.ARR,,9SR37898,021
a550995-4464489-072424-021_E03.ARR,,9SR37898,021
a550995-4464489-072424-021_E04.ARR,,9SR37898,021
a550995-4464489-072424-021_E05.ARR,,9SR37898,021
a550995-4464489-072424-021_E06.ARR,,9SR37898,021
a550995-4464489-072424-021_E07.ARR,,9SR37898,021
a550995-4464489-072424-021_E08.ARR,,9SR37898,021
a550995-4464489-072424-021_E09.ARR,,9SR37898,021
a550995-4464489-072424-021_E10.ARR,,9SR37898,021
a550995-4464489-072424-021_E11.ARR,,9SR37898,021
a550995-4464489-072424-021_E12.ARR,,-,021
a550995-4464489-072424-021_F01.ARR,,9SR37898,021
a550995-4464489-072424-021_F02.ARR,,9SR37898,021
a550995-4464489-072424-021_F03.ARR,,9SR37898,021
a550995-4464489-072424-021_F04.ARR,,9SR37898,021
a550995-4464489-072424-021_F05.ARR,,9SR37898,021
a550995-4464489-072424-021_F06.ARR,,9SR37898,021
a550995-4464489-072424-021_F07.ARR,,9SR37898,021
a550995-4464489-072424-021_F08.ARR,,9SR37898,021
a550995-4464489-072424-021_F09.ARR,,9SR37898,021
a550995-4464489-072424-021_F10.ARR,,9SR37898,021
a550995-4464489-072424-021_F11.ARR,,9SR37898,021
a550995-4464489-072424-021_F12.ARR,,9SR37898,021
a550995-4464489-072424-021_G01.ARR,,9SR37898,021
a550995-4464489-072424-021_G02.ARR,,9SR37898,021
a550995-4464489-072424-021_G03.ARR,,9SR37898,021
a550995-4464489-072424-021_G04.ARR,,9SR37898,021
a550995-4464489-072424-021_G05.ARR,,9SR37898,021
a550995-4464489-072424-021_G06.ARR,,9SR37898,021
a550995-4464489-072424-021_G07.ARR,,9SR37898,021
a550995-4464489-072424-021_G08.ARR,,9SR37898,021
a550995-4464489-072424-021_G09.ARR,,9SR37898,021
a550995-4464489-072424-021_G10.ARR,,9SR37898,021
a550995-4464489-072424-021_G11.ARR,,9SR37898,021
a550995-4464489-072424-021_G12.ARR,,9SR37898,021
a550995-4464489-072424-021_H01.ARR,,9SR37898,021
a550995-4464489-072424-021_H02.ARR,,9SR37898,021
a550995-4464489-072424-021_H03.ARR,,9SR37898,021
a550995-4464489-072424-021_H04.ARR,,9SR37898,021
a550995-4464489-072424-021_H05.ARR,,9SR37898,021
a550995-4464489-072424-021_H06.ARR,,9SR37898,021
a550995-4464489-072424-021_H07.ARR,,9SR37898,021
a550995-4464489-072424-021_H08.ARR,,9SR37898,021
a550995-4464489-072424-021_H09.ARR,,9SR37898,021
a550995-4464489-072424-021_H10.ARR,,9SR37898,021
a550995-4464489-072424-021_H11.ARR,,9SR37898,021
a550995-4464489-072424-021_H12.ARR,,9SR37898,021
a550995-4464489-072424-022_A01.ARR,,9SR37897,022
a550995-4464489-072424-022_A02.ARR,,9SR37897,022
a550995-4464489-072424-022_A03.ARR,,9SR37897,022
a550995-4464489-072424-022_A04.ARR,,9SR37897,022
a550995-4464489-072424-022_A05.ARR,,9SR37897,022
a550995-4464489-072424-022_A06.ARR,,9SR37897,022
a550995-4464489-072424-022_A07.ARR,,9SR37897,022
a550995-4464489-072424-022_A08.ARR,,9SR37897,022
a550995-4464489-072424-022_A09.ARR,,9SR37897,022
a550995-4464489-072424-022_A10.ARR,,9SR37897,022
a550995-4464489-072424-022_A11.ARR,,9SR37897,022
a550995-4464489-072424-022_A12.ARR,,-,022
a550995-4464489-072424-022_B01.ARR,,9SR37897,022
a550995-4464489-072424-022_B02.ARR,,9SR37897,022
a550995-4464489-072424-022_B03.ARR,,9SR37897,022
a550995-4464489-072424-022_B04.ARR,,9SR37897,022
a550995-4464489-072424-022_B05.ARR,,9SR37897,022
a550995-4464489-072424-022_B06.ARR,,9SR37897,022
a550995-4464489-072424-022_B07.ARR,,9SR37897,022
a550995-4464489-072424-022_B08.ARR,,9SR37897,022
a550995-4464489-072424-022_B09.ARR,,9SR37897,022
a550995-4464489-072424-022_B10.ARR,,9SR37897,022
a550995-4464489-072424-022_B11.ARR,,9SR37897,022
a550995-4464489-072424-022_B12.ARR,,9SR37897,022
a550995-4464489-072424-022_C01.ARR,,9SR37897,022
a550995-4464489-072424-022_C02.ARR,,9SR37897,022
a550995-4464489-072424-022_C03.ARR,,9SR37897,022
a550995-4464489-072424-022_C04.ARR,,9SR37897,022
a550995-4464489-072424-022_C05.ARR,,9SR37897,022
a550995-4464489-072424-022_C06.ARR,,9SR37897,022
a550995-4464489-072424-022_C07.ARR,,9SR37897,022
a550995-4464489-072424-022_C08.ARR,,9SR37897,022
a550995-4464489-072424-022_C09.ARR,,9SR37897,022
a550995-4464489-072424-022_C10.ARR,,9SR37897,022
a550995-4464489-072424-022_C11.ARR,,9SR37897,022
a550995-4464489-072424-022_C12.ARR,,9SR37897,022
a550995-4464489-072424-022_D01.ARR,,9SR37897,022
a550995-4464489-072424-022_D02.ARR,,9SR37897,022
a550995-4464489-072424-022_D03.ARR,,9SR37897,022
a550995-4464489-072424-022_D04.ARR,,9SR37897,022
a550995-4464489-072424-022_D05.ARR,,9SR37897,022
a550995-4464489-072424-022_D06.ARR,,9SR37897,022
a550995-4464489-072424-022_D07.ARR,,9SR37897,022
a550995-4464489-072424-022_D08.ARR,,9SR37897,022
a550995-4464489-072424-022_D09.ARR,,9SR37897,022
a550995-4464489-072424-022_D10.ARR,,9SR37897,022
a550995-4464489-072424-022_D11.ARR,,9SR37897,022
a550995-4464489-072424-022_D12.ARR,,9SR37897,022
a550995-4464489-072424-022_E01.ARR,,9SR37897,022
a550995-4464489-072424-022_E02.ARR,,9SR37897,022
a550995-4464489-072424-022_E03.ARR,,9SR37897,022
a550995-4464489-072424-022_E04.ARR,,9SR37897,022
a550995-4464489-072424-022_E05.ARR,,9SR37897,022
a550995-4464489-072424-022_E06.ARR,,9SR37897,022
a550995-4464489-072424-022_E07.ARR,,9SR37897,022
a550995-4464489-072424-022_E08.ARR,,9SR37897,022
a550995-4464489-072424-022_E09.ARR,,9SR37897,022
a550995-4464489-072424-022_E10.ARR,,9SR37897,022
a550995-4464489-072424-022_E11.ARR,,9SR37897,022
a550995-4464489-072424-022_E12.ARR,,-,022
a550995-4464489-072424-022_F01.ARR,,9SR37897,022
a550995-4464489-072424-022_F02.ARR,,9SR37897,022
a550995-4464489-072424-022_F03.ARR,,9SR37897,022
a550995-4464489-072424-022_F04.ARR,,9SR37897,022
a550995-4464489-072424-022_F05.ARR,,9SR37897,022
a550995-4464489-072424-022_F06.ARR,,9SR37897,022
a550995-4464489-072424-022_F07.ARR,,9SR37897,022
a550995-4464489-072424-022_F08.ARR,,9SR37897,022
a550995-4464489-072424-022_F09.ARR,,9SR37897,022
a550995-4464489-072424-022_F10.ARR,,9SR37897,022
a550995-4464489-072424-022_F11.ARR,,9SR37897,022
a550995-4464489-072424-022_F12.ARR,,9SR37897,022
a550995-4464489-072424-022_G01.ARR,,9SR37897,022
a550995-4464489-072424-022_G02.ARR,,9SR37897,022
a550995-4464489-072424-022_G03.ARR,,9SR37897,022
a550995-4464489-072424-022_G04.ARR,,9SR37897,022
a550995-4464489-072424-022_G05.ARR,,9SR37897,022
a550995-4464489-072424-022_G06.ARR,,9SR37897,022
a550995-4464489-072424-022_G07.ARR,,9SR37897,022
a550995-4464489-072424-022_G08.ARR,,9SR37897,022
a550995-4464489-072424-022_G09.ARR,,9SR37897,022
a550995-4464489-072424-022_G10.ARR,,9SR37897,022
a550995-4464489-072424-022_G11.ARR,,9SR37897,022
a550995-4464489-072424-022_G12.ARR,,9SR37897,022
a550995-4464489-072424-022_H01.ARR,,9SR37897,022
a550995-4464489-072424-022_H02.ARR,,9SR37897,022
a550995-4464489-072424-022_H03.ARR,,9SR37897,022
a550995-4464489-072424-022_H04.ARR,,9SR37897,022
a550995-4464489-072424-022_H05.ARR,,9SR37897,022
a550995-4464489-072424-022_H06.ARR,,9SR37897,022
a550995-4464489-072424-022_H07.ARR,,9SR37897,022
a550995-4464489-072424-022_H08.ARR,,9SR37897,022
a550995-4464489-072424-022_H09.ARR,,9SR37897,022
a550995-4464489-072424-022_H10.ARR,,9SR37897,022
a550995-4464489-072424-022_H11.ARR,,9SR37897,022
a550995-4464489-072424-022_H12.ARR,,9SR37897,022
a550995-4464489-072424-024_A01.ARR,,9SR37900,024
a550995-4464489-072424-024_A02.ARR,,9SR37900,024
a550995-4464489-072424-024_A03.ARR,,9SR37900,024
a550995-4464489-072424-024_A04.ARR,,9SR37900,024
a550995-4464489-072424-024_A05.ARR,,9SR37900,024
a550995-4464489-072424-024_A06.ARR,,9SR37900,024
a550995-4464489-072424-024_A07.ARR,,9SR37900,024
a550995-4464489-072424-024_A08.ARR,,9SR37900,024
a550995-4464489-072424-024_A09.ARR,,9SR37900,024
a550995-4464489-072424-024_A10.ARR,,9SR37900,024
a550995-4464489-072424-024_A11.ARR,,9SR37900,024
a550995-4464489-072424-024_A12.ARR,,-,024
a550995-4464489-072424-024_B01.ARR,,9SR37900,024
a550995-4464489-072424-024_B02.ARR,,9SR37900,024
a550995-4464489-072424-024_B03.ARR,,9SR37900,024
a550995-4464489-072424-024_B04.ARR,,9SR37900,024
a550995-4464489-072424-024_B05.ARR,,9SR37900,024
a550995-4464489-072424-024_B06.ARR,,9SR37900,024
a550995-4464489-072424-024_B07.ARR,,9SR37900,024
a550995-4464489-072424-024_B08.ARR,,9SR37900,024
a550995-4464489-072424-024_B09.ARR,,9SR37900,024
a550995-4464489-072424-024_B10.ARR,,9SR37900,024
a550995-4464489-072424-024_B11.ARR,,9SR37900,024
a550995-4464489-072424-024_B12.ARR,,9SR37900,024
a550995-4464489-072424-024_C01.ARR,,9SR37900,024
a550995-4464489-072424-024_C02.ARR,,9SR37900,024
a550995-4464489-072424-024_C03.ARR,,9SR37900,024
a550995-4464489-072424-024_C04.ARR,,9SR37900,024
a550995-4464489-072424-024_C05.ARR,,9SR37900,024
a550995-4464489-072424-024_C06.ARR,,9SR37900,024
a550995-4464489-072424-024_C07.ARR,,9SR37900,024
a550995-4464489-072424-024_C08.ARR,,9SR37900,024
a550995-4464489-072424-024_C09.ARR,,9SR37900,024
a550995-4464489-072424-024_C10.ARR,,9SR37900,024
a550995-4464489-072424-024_C11.ARR,,9SR37900,024
a550995-4464489-072424-024_C12.ARR,,9SR37900,024
a550995-4464489-072424-024_D01.ARR,,9SR37900,024
a550995-4464489-072424-024_D02.ARR,,9SR37900,024
a550995-4464489-072424-024_D03.ARR,,9SR37900,024
a550995-4464489-072424-024_D04.ARR,,9SR37900,024
a550995-4464489-072424-024_D05.ARR,,9SR37900,024
a550995-4464489-072424-024_D06.ARR,,9SR37900,024
a550995-4464489-072424-024_D07.ARR,,9SR37900,024
a550995-4464489-072424-024_D08.ARR,,9SR37900,024
a550995-4464489-072424-024_D09.ARR,,9SR37900,024
a550995-4464489-072424-024_D10.ARR,,9SR37900,024
a550995-4464489-072424-024_D11.ARR,,9SR37900,024
a550995-4464489-072424-024_D12.ARR,,9SR37900,024
a550995-4464489-072424-024_E01.ARR,,9SR37900,024
a550995-4464489-072424-024_E02.ARR,,9SR37900,024
a550995-4464489-072424-024_E03.ARR,,9SR37900,024
a550995-4464489-072424-024_E04.ARR,,9SR37900,024
a550995-4464489-072424-024_E05.ARR,,9SR37900,024
a550995-4464489-072424-024_E06.ARR,,9SR37900,024
a550995-4464489-072424-024_E07.ARR,,9SR37900,024
a550995-4464489-072424-024_E08.ARR,,9SR37900,024
a550995-4464489-072424-024_E09.ARR,,9SR37900,024
a550995-4464489-072424-024_E10.ARR,,9SR37900,024
a550995-4464489-072424-024_E11.ARR,,9SR37900,024
a550995-4464489-072424-024_E12.ARR,,-,024
a550995-4464489-072424-024_F01.ARR,,9SR37900,024
a550995-4464489-072424-024_F02.ARR,,9SR37900,024
a550995-4464489-072424-024_F03.ARR,,9SR37900,024
a550995-4464489-072424-024_F04.ARR,,9SR37900,024
a550995-4464489-072424-024_F05.ARR,,9SR37900,024
a550995-4464489-072424-024_F06.ARR,,9SR37900,024
a550995-4464489-072424-024_F07.ARR,,9SR37900,024
a550995-4464489-072424-024_F08.ARR,,9SR37900,024
a550995-4464489-072424-024_F09.ARR,,9SR37900,024
a550995-4464489-072424-024_F10.ARR,,9SR37900,024
a550995-4464489-072424-024_F11.ARR,,9SR37900,024
a550995-4464489-072424-024_F12.ARR,,9SR37900,024
a550995-4464489-072424-024_G01.ARR,,9SR37900,024
a550995-4464489-072424-024_G02.ARR,,9SR37900,024
a550995-4464489-072424-024_G03.ARR,,9SR37900,024
a550995-4464489-072424-024_G04.ARR,,9SR37900,024
a550995-4464489-072424-024_G05.ARR,,9SR37900,024
a550995-4464489-072424-024_G06.ARR,,9SR37900,024
a550995-4464489-072424-024_G07.ARR,,9SR37900,024
a550995-4464489-072424-024_G08.ARR,,9SR37900,024
a550995-4464489-072424-024_G09.ARR,,9SR37900,024
a550995-4464489-072424-024_G10.ARR,,9SR37900,024
a550995-4464489-072424-024_G11.ARR,,9SR37900,024
a550995-4464489-072424-024_G12.ARR,,9SR37900,024
a550995-4464489-072424-024_H01.ARR,,9SR37900,024
a550995-4464489-072424-024_H02.ARR,,9SR37900,024
a550995-4464489-072424-024_H03.ARR,,9SR37900,024
a550995-4464489-072424-024_H04.ARR,,9SR37900,024
a550995-4464489-072424-024_H05.ARR,,9SR37900,024
a550995-4464489-072424-024_H06.ARR,,9SR37900,024
a550995-4464489-072424-024_H07.ARR,,9SR37900,024
a550995-4464489-072424-024_H08.ARR,,9SR37900,024
a550995-4464489-072424-024_H09.ARR,,9SR37900,024
a550995-4464489-072424-024_H10.ARR,,9SR37900,024
a550995-4464489-072424-024_H11.ARR,,9SR37900,024
a550995-4464489-072424-024_H12.ARR,,9SR37900,024
a550995-4464490-072524-577_A01.ARR,,9SR37895,577
a550995-4464490-072524-577_A02.ARR,,9SR37895,577
a550995-4464490-072524-577_A03.ARR,,9SR37895,577
a550995-4464490-072524-577_A04.ARR,,9SR37895,577
a550995-4464490-072524-577_A05.ARR,,9SR37895,577
a550995-4464490-072524-577_A06.ARR,,9SR37895,577
a550995-4464490-072524-577_A07.ARR,,9SR37895,577
a550995-4464490-072524-577_A08.ARR,,9SR37895,577
a550995-4464490-072524-577_A09.ARR,,9SR37895,577
a550995-4464490-072524-577_A10.ARR,,9SR37895,577
a550995-4464490-072524-577_A11.ARR,,9SR37895,577
a550995-4464490-072524-577_A12.ARR,,-,577
a550995-4464490-072524-577_B01.ARR,,9SR37895,577
a550995-4464490-072524-577_B02.ARR,,9SR37895,577
a550995-4464490-072524-577_B03.ARR,,9SR37895,577
a550995-4464490-072524-577_B04.ARR,,9SR37895,577
a550995-4464490-072524-577_B05.ARR,,9SR37895,577
a550995-4464490-072524-577_B06.ARR,,9SR37895,577
a550995-4464490-072524-577_B07.ARR,,9SR37895,577
a550995-4464490-072524-577_B08.ARR,,9SR37895,577
a550995-4464490-072524-577_B09.ARR,,9SR37895,577
a550995-4464490-072524-577_B10.ARR,,9SR37895,577
a550995-4464490-072524-577_B11.ARR,,9SR37895,577
a550995-4464490-072524-577_B12.ARR,,9SR37895,577
a550995-4464490-072524-577_C01.ARR,,9SR37895,577
a550995-4464490-072524-577_C02.ARR,,9SR37895,577
a550995-4464490-072524-577_C03.ARR,,9SR37895,577
a550995-4464490-072524-577_C04.ARR,,9SR37895,577
a550995-4464490-072524-577_C05.ARR,,9SR37895,577
a550995-4464490-072524-577_C06.ARR,,9SR37895,577
a550995-4464490-072524-577_C07.ARR,,9SR37895,577
a550995-4464490-072524-577_C08.ARR,,9SR37895,577
a550995-4464490-072524-577_C09.ARR,,9SR37895,577
a550995-4464490-072524-577_C10.ARR,,9SR37895,577
a550995-4464490-072524-577_C11.ARR,,9SR37895,577
a550995-4464490-072524-577_C12.ARR,,9SR37895,577
a550995-4464490-072524-577_D01.ARR,,9SR37895,577
a550995-4464490-072524-577_D02.ARR,,9SR37895,577
a550995-4464490-072524-577_D03.ARR,,9SR37895,577
a550995-4464490-072524-577_D04.ARR,,9SR37895,577
a550995-4464490-072524-577_D05.ARR,,9SR37895,577
a550995-4464490-072524-577_D06.ARR,,9SR37895,577
a550995-4464490-072524-577_D07.ARR,,9SR37895,577
a550995-4464490-072524-577_D08.ARR,,9SR37895,577
a550995-4464490-072524-577_D09.ARR,,9SR37895,577
a550995-4464490-072524-577_D10.ARR,,9SR37895,577
a550995-4464490-072524-577_D11.ARR,,9SR37895,577
a550995-4464490-072524-577_D12.ARR,,9SR37895,577
a550995-4464490-072524-577_E01.ARR,,9SR37895,577
a550995-4464490-072524-577_E02.ARR,,9SR37895,577
a550995-4464490-072524-577_E03.ARR,,9SR37895,577
a550995-4464490-072524-577_E04.ARR,,9SR37895,577
a550995-4464490-072524-577_E05.ARR,,9SR37895,577
a550995-4464490-072524-577_E06.ARR,,9SR37895,577
a550995-4464490-072524-577_E07.ARR,,9SR37895,577
a550995-4464490-072524-577_E08.ARR,,9SR37895,577
a550995-4464490-072524-577_E09.ARR,,9SR37895,577
a550995-4464490-072524-577_E10.ARR,,9SR37895,577
a550995-4464490-072524-577_E11.ARR,,9SR37895,577
a550995-4464490-072524-577_E12.ARR,,-,577
a550995-4464490-072524-577_F01.ARR,,9SR37895,577
a550995-4464490-072524-577_F02.ARR,,9SR37895,577
a550995-4464490-072524-577_F03.ARR,,9SR37895,577
a550995-4464490-072524-577_F04.ARR,,9SR37895,577
a550995-4464490-072524-577_F05.ARR,,9SR37895,577
a550995-4464490-072524-577_F06.ARR,,9SR37895,577
a550995-4464490-072524-577_F07.ARR,,9SR37895,577
a550995-4464490-072524-577_F08.ARR,,9SR37895,577
a550995-4464490-072524-577_F09.ARR,,9SR37895,577
a550995-4464490-072524-577_F10.ARR,,9SR37895,577
a550995-4464490-072524-577_F11.ARR,,9SR37895,577
a550995-4464490-072524-577_F12.ARR,,9SR37895,577
a550995-4464490-072524-577_G01.ARR,,9SR37895,577
a550995-4464490-072524-577_G02.ARR,,9SR37895,577
a550995-4464490-072524-577_G03.ARR,,9SR37895,577
a550995-4464490-072524-577_G04.ARR,,9SR37895,577
a550995-4464490-072524-577_G05.ARR,,9SR37895,577
a550995-4464490-072524-577_G06.ARR,,9SR37895,577
a550995-4464490-072524-577_G07.ARR,,9SR37895,577
a550995-4464490-072524-577_G08.ARR,,9SR37895,577
a550995-4464490-072524-577_G09.ARR,,9SR37895,577
a550995-4464490-072524-577_G10.ARR,,9SR37895,577
a550995-4464490-072524-577_G11.ARR,,9SR37895,577
a550995-4464490-072524-577_G12.ARR,,9SR37895,577
a550995-4464490-072524-577_H01.ARR,,9SR37895,577
a550995-4464490-072524-577_H02.ARR,,9SR37895,577
a550995-4464490-072524-577_H03.ARR,,9SR37895,577
a550995-4464490-072524-577_H04.ARR,,9SR37895,577
a550995-4464490-072524-577_H05.ARR,,9SR37895,577
a550995-4464490-072524-577_H06.ARR,,9SR37895,577
a550995-4464490-072524-577_H07.ARR,,9SR37895,577
a550995-4464490-072524-577_H08.ARR,,9SR37895,577
a550995-4464490-072524-577_H09.ARR,,9SR37895,577
a550995-4464490-072524-577_H10.ARR,,9SR37895,577
a550995-4464490-072524-577_H11.ARR,,9SR37895,577
a550995-4464490-072524-577_H12.ARR,,9SR37895,577
a550995-4464490-072524-583_A01.ARR,,9SR37896,583
a550995-4464490-072524-583_A02.ARR,,9SR37896,583
a550995-4464490-072524-583_A03.ARR,,9SR37896,583
a550995-4464490-072524-583_A04.ARR,,9SR37896,583
a550995-4464490-072524-583_A05.ARR,,9SR37896,583
a550995-4464490-072524-583_A06.ARR,,9SR37896,583
a550995-4464490-072524-583_A07.ARR,,9SR37896,583
a550995-4464490-072524-583_A08.ARR,,9SR37896,583
a550995-4464490-072524-583_A09.ARR,,9SR37896,583
a550995-4464490-072524-583_A10.ARR,,9SR37896,583
a550995-4464490-072524-583_A11.ARR,,9SR37896,583
a550995-4464490-072524-583_A12.ARR,,-,583
a550995-4464490-072524-583_B01.ARR,,9SR37896,583
a550995-4464490-072524-583_B02.ARR,,9SR37896,583
a550995-4464490-072524-583_B03.ARR,,9SR37896,583
a550995-4464490-072524-583_B04.ARR,,9SR37896,583
a550995-4464490-072524-583_B05.ARR,,9SR37896,583
a550995-4464490-072524-583_B06.ARR,,9SR37896,583
a550995-4464490-072524-583_B07.ARR,,9SR37896,583
a550995-4464490-072524-583_B08.ARR,,9SR37896,583
a550995-4464490-072524-583_B09.ARR,,9SR37896,583
a550995-4464490-072524-583_B10.ARR,,9SR37896,583
a550995-4464490-072524-583_B11.ARR,,9SR37896,583
a550995-4464490-072524-583_B12.ARR,,9SR37896,583
a550995-4464490-072524-583_C01.ARR,,9SR37896,583
a550995-4464490-072524-583_C02.ARR,,9SR37896,583
a550995-4464490-072524-583_C03.ARR,,9SR37896,583
a550995-4464490-072524-583_C04.ARR,,9SR37896,583
a550995-4464490-072524-583_C05.ARR,,9SR37896,583
a550995-4464490-072524-583_C06.ARR,,9SR37896,583
a550995-4464490-072524-583_C07.ARR,,9SR37896,583
a550995-4464490-072524-583_C08.ARR,,9SR37896,583
a550995-4464490-072524-583_C09.ARR,,9SR37896,583
a550995-4464490-072524-583_C10.ARR,,9SR37896,583
a550995-4464490-072524-583_C11.ARR,,9SR37896,583
a550995-4464490-072524-583_C12.ARR,,9SR37896,583
a550995-4464490-072524-583_D01.ARR,,9SR37896,583
a550995-4464490-072524-583_D02.ARR,,9SR37896,583
a550995-4464490-072524-583_D03.ARR,,9SR37896,583
a550995-4464490-072524-583_D04.ARR,,9SR37896,583
a550995-4464490-072524-583_D05.ARR,,9SR37896,583
a550995-4464490-072524-583_D06.ARR,,9SR37896,583
a550995-4464490-072524-583_D07.ARR,,9SR37896,583
a550995-4464490-072524-583_D08.ARR,,9SR37896,583
a550995-4464490-072524-583_D09.ARR,,9SR37896,583
a550995-4464490-072524-583_D10.ARR,,9SR37896,583
a550995-4464490-072524-583_D11.ARR,,9SR37896,583
a550995-4464490-072524-583_D12.ARR,,9SR37896,583
a550995-4464490-072524-583_E01.ARR,,9SR37896,583
a550995-4464490-072524-583_E02.ARR,,9SR37896,583
a550995-4464490-072524-583_E03.ARR,,9SR37896,583
a550995-4464490-072524-583_E04.ARR,,9SR37896,583
a550995-4464490-072524-583_E05.ARR,,9SR37896,583
a550995-4464490-072524-583_E06.ARR,,9SR37896,583
a550995-4464490-072524-583_E07.ARR,,9SR37896,583
a550995-4464490-072524-583_E08.ARR,,9SR37896,583
a550995-4464490-072524-583_E09.ARR,,9SR37896,583
a550995-4464490-072524-583_E10.ARR,,9SR37896,583
a550995-4464490-072524-583_E11.ARR,,9SR37896,583
a550995-4464490-072524-583_E12.ARR,,-,583
a550995-4464490-072524-583_F01.ARR,,9SR37896,583
a550995-4464490-072524-583_F02.ARR,,9SR37896,583
a550995-4464490-072524-583_F03.ARR,,9SR37896,583
a550995-4464490-072524-583_F04.ARR,,9SR37896,583
a550995-4464490-072524-583_F05.ARR,,9SR37896,583
a550995-4464490-072524-583_F06.ARR,,9SR37896,583
a550995-4464490-072524-583_F07.ARR,,9SR37896,583
a550995-4464490-072524-583_F08.ARR,,9SR37896,583
a550995-4464490-072524-583_F09.ARR,,9SR37896,583
a550995-4464490-072524-583_F10.ARR,,9SR37896,583
a550995-4464490-072524-583_F11.ARR,,9SR37896,583
a550995-4464490-072524-583_F12.ARR,,9SR37896,583
a550995-4464490-072524-583_G01.ARR,,9SR37896,583
a550995-4464490-072524-583_G02.ARR,,9SR37896,583
a550995-4464490-072524-583_G03.ARR,,9SR37896,583
a550995-4464490-072524-583_G04.ARR,,9SR37896,583
a550995-4464490-072524-583_G05.ARR,,9SR37896,583
a550995-4464490-072524-583_G06.ARR,,9SR37896,583
a550995-4464490-072524-583_G07.ARR,,9SR37896,583
a550995-4464490-072524-583_G08.ARR,,9SR37896,583
a550995-4464490-072524-583_G09.ARR,,9SR37896,583
a550995-4464490-072524-583_G10.ARR,,9SR37896,583
a550995-4464490-072524-583_G11.ARR,,9SR37896,583
a550995-4464490-072524-583_G12.ARR,,9SR37896,583
a550995-4464490-072524-583_H01.ARR,,9SR37896,583
a550995-4464490-072524-583_H02.ARR,,9SR37896,583
a550995-4464490-072524-583_H03.ARR,,9SR37896,583
a550995-4464490-072524-583_H04.ARR,,9SR37896,583
a550995-4464490-072524-583_H05.ARR,,9SR37896,583
a550995-4464490-072524-583_H06.ARR,,9SR37896,583
a550995-4464490-072524-583_H07.ARR,,9SR37896,583
a550995-4464490-072524-583_H08.ARR,,9SR37896,583
a550995-4464490-072524-583_H09.ARR,,9SR37896,583
a550995-4464490-072524-583_H10.ARR,,9SR37896,583
a550995-4464490-072524-583_H11.ARR,,9SR37896,583
a550995-4464490-072524-583_H12.ARR,,9SR37896,583
